<?xml version="1.0" encoding="UTF-8"?>
<project-private xmlns="http://www.netbeans.org/ns/project-private/1">
    <editor-bookmarks xmlns="http://www.netbeans.org/ns/editor-bookmarks/2" lastBookmarkId="0"/>
    <open-files xmlns="http://www.netbeans.org/ns/projectui-open-files/2">
        <group>
            <file>file:/C:/Users/Akshay%20Krishna/Documents/NetBeansProjects/FlightSchedulerDBAkshayKrishnaGiridharanabg5450/src/flightschedulerdbakshaykrishnagiridharanabg5450/Passenger.java</file>
            <file>file:/C:/Users/Akshay%20Krishna/Documents/NetBeansProjects/FlightSchedulerDBAkshayKrishnaGiridharanabg5450/src/flightschedulerdbakshaykrishnagiridharanabg5450/DBConnection.java</file>
            <file>file:/C:/Users/Akshay%20Krishna/Documents/NetBeansProjects/FlightSchedulerDBAkshayKrishnaGiridharanabg5450/src/flightschedulerdbakshaykrishnagiridharanabg5450/Flight.java</file>
            <file>file:/C:/Users/Akshay%20Krishna/Documents/NetBeansProjects/FlightSchedulerDBAkshayKrishnaGiridharanabg5450/src/flightschedulerdbakshaykrishnagiridharanabg5450/Day.java</file>
            <file>file:/C:/Users/Akshay%20Krishna/Documents/NetBeansProjects/FlightSchedulerDBAkshayKrishnaGiridharanabg5450/src/flightschedulerdbakshaykrishnagiridharanabg5450/Booking.java</file>
            <file>file:/C:/Users/Akshay%20Krishna/Documents/NetBeansProjects/FlightSchedulerDBAkshayKrishnaGiridharanabg5450/src/flightschedulerdbakshaykrishnagiridharanabg5450/FlightScheduler.java</file>
            <file>file:/C:/Users/Akshay%20Krishna/Documents/NetBeansProjects/FlightSchedulerDBAkshayKrishnaGiridharanabg5450/src/flightschedulerdbakshaykrishnagiridharanabg5450/FlightSchedulerDBAkshayKrishnaGiridharanabg5450.java</file>
            <file>file:/C:/Users/Akshay%20Krishna/Documents/NetBeansProjects/FlightSchedulerDBAkshayKrishnaGiridharanabg5450/src/flightschedulerdbakshaykrishnagiridharanabg5450/Waitlist.java</file>
        </group>
    </open-files>
</project-private>
